Cluster Label,Hub,Keyword,URLs
"""Expert Asphalt Solutions in Ann Arbor""",expert asphalt repair services in ann arbor,expert asphalt repair services in ann arbor,"https://www.anthonysasphalt.com/services/asphalt-repair/
https://www.jonesandsonsasphalt.com/newpage
https://asphaltsolutionsplus.com/ann-arbor/
https://www.bartsasphalt.com/service-areas/asphalt-sealcoating-ann-arbor-mi/
https://mckearneyasphalt.com/ann-arbor-mi-asphalt-paving-contractor/
https://www.anthonysasphalt.com/areas-served/ann-arbor-mi/
https://www.stansasphaltpavingllc.com/ann-arbor
https://www.aandssealcoating-mi.com/asphalt-paving-ann-arbor-mi-sealcoating-driveway-parking-lot-crack-repair-patching.php
https://a1sealcoat.com/"
"""Expert Asphalt Solutions in Ann Arbor""",expert asphalt repair services in ann arbor,expert new asphalt paving services in ann arbor,"https://www.anthonysasphalt.com/areas-served/ann-arbor-mi/
https://www.jonesandsonsasphalt.com/
https://www.stansasphaltpavingllc.com/ann-arbor
https://asphaltsolutionsplus.com/ann-arbor/
https://mckearneyasphalt.com/ann-arbor-mi-asphalt-paving-contractor/
https://www.jonesandsonsasphalt.com/newpage
https://getpaving.com/locations/ann-arbor/
https://www.anthonysasphalt.com/services/asphalt-paving/
https://www.simonpavingcorp.com/services/residential-asphalt-paving"
"""Expert Asphalt Solutions in Ann Arbor""",expert asphalt repair services in ann arbor,expert asphalt maintenance services in ann arbor,"https://www.anthonysasphalt.com/
https://mckearneyasphalt.com/ann-arbor-mi-asphalt-paving-contractor/
https://asphaltsolutionsplus.com/ann-arbor/
https://www.bartsasphalt.com/service-areas/asphalt-sealcoating-ann-arbor-mi/
https://www.jonesandsonsasphalt.com/
https://www.aandssealcoating-mi.com/
https://www.stansasphaltpavingllc.com/ann-arbor
https://www.anthonysasphalt.com/services/pavement-maintenance/
https://a1sealcoat.com/"
Local Parking Lot Sealcoating Services,parking lot sealcoating contractor near me,parking lot sealcoating contractor near me,"https://www.angi.com/nearme/driveway-sealcoating/
https://sealmaster.net/sealcoating-contractor/
https://sealmaster.net/property-manager/
https://blog.asphaltkingdom.com/where-to-find-the-best-asphalt-sealcoating-contractors
https://www.a1asphaltinc.com/asphalt-sealcoating.php
https://www.rosepaving.com/locations/parking-lot-paving-chicago/
https://ohiopaving.com/paving-services/parking-lot-sealcoating/
https://jet-black.com/
https://capitalpavingrva.com/commercial/asphalt-repair-patching/
https://www.bartsasphalt.com/service-areas/asphalt-sealcoating-ann-arbor-mi/"
"""Local Asphalt Sealcoating Services""",asphalt sealcoating contractors near me,asphalt sealcoating contractors near me,"https://www.angi.com/nearme/driveway-sealcoating/
https://sealmaster.net/sealcoating-contractor/
https://www.yelp.com/search?find_desc=Asphalt+Sealcoating&find_loc=Melbourne%2C+FL
https://allpurposepavingcolorado.com/
https://www.asphaltsealcoatingdirect.com/directory?srsltid=AfmBOoojb6MBHnAyHPe9dRiOOM7xlgme6vMsQrV14jyc37Vv_5yyiMnp
https://blog.asphaltkingdom.com/where-to-find-the-best-asphalt-sealcoating-contractors
https://wis-coat.com/prairie-du-chien-paving-company/
https://sealmaster.net/locations/sealcoating-contractors-fort-wayne/
https://www.wellspavingmd.com/
https://www.bbb.org/near-me/paving-contractors"
"""Asphalt Services in Grand Rapids, MI""",asphalt grand rapids mi,asphalt grand rapids mi,"https://superiorasphalt.com/
https://www.a1asphaltinc.com/
https://huyserasphalt.com/
https://www.midwestasphalt.com/
https://www.yelp.com/search?find_desc=Asphalt+Contractors&find_loc=Grand+Rapids%2C+MI
https://www.michiganpaving.com/
https://frickeasphalt.com/
https://evolutionasphaltmgmt.com/
https://liteloadasphalt.com/
https://www.a1asphaltinc.com/asphalt-driveway-paving.php"
"""Asphalt Services in Grand Rapids, MI""",asphalt grand rapids mi,grand rapids asphalt companies,"https://www.a1asphaltinc.com/
https://superiorasphalt.com/
https://huyserasphalt.com/
https://www.yelp.com/search?find_desc=Asphalt+Contractors&find_loc=Grand+Rapids%2C+MI
https://www.midwestasphalt.com/
https://www.bbb.org/us/mi/grand-rapids/category/paving-contractors
https://liteloadasphalt.com/
https://www.michiganpaving.com/
https://www.a1asphaltinc.com/asphalt-driveway-paving.php
https://frickeasphalt.com/"
"""Asphalt Services in Grand Rapids, MI""",asphalt grand rapids mi,asphalt companies grand rapids mi,"https://superiorasphalt.com/
https://www.a1asphaltinc.com/
https://huyserasphalt.com/
https://www.yelp.com/search?find_desc=Asphalt+Contractors&find_loc=Grand+Rapids%2C+MI
https://www.midwestasphalt.com/
https://www.bbb.org/us/mi/grand-rapids/category/paving-contractors
https://frickeasphalt.com/
https://liteloadasphalt.com/
https://www.a1asphaltinc.com/asphalt-driveway-paving.php
https://evolutionasphaltmgmt.com/"
Michigan Asphalt Contractors,michigan asphalt company,michigan asphalt company,"https://www.michiganpaving.com/
https://www.yelp.com/biz/michigan-asphalt-paving-and-sealcoating-birmingham
https://www.apa-mi.org/list_of_members.php
https://www.alliedasphalt.com/
https://www.michiganpaving.com/about
https://www.centralasphalt.com/
https://www.ajaxpaving.com/michigan.html
https://alsasphalt.com/
https://nextdoor.com/pages/michigan-asphalt-paving-sealcoating-birmingham-mi/
https://www.cadillacasphalt.com/"
Michigan Asphalt Contractors,michigan asphalt company,michigan asphalt,"https://www.yelp.com/biz/michigan-asphalt-paving-and-sealcoating-birmingham
https://www.michiganpaving.com/
https://nextdoor.com/pages/michigan-asphalt-paving-sealcoating-birmingham-mi/
https://www.michiganpaving.com/about
https://www.apa-mi.org/
https://www.instagram.com/michasphalt/?hl=en
https://www.bbb.org/us/mi/birmingham/profile/asphalt/michigan-asphalt-inc-0372-6239
https://www.freep.com/story/news/local/michigan/2025/05/23/daniel-israel-asphalt-executive-sentenced-fined-bid-rigging-conspiracy/83823878007/
https://www.alliedasphalt.com/
https://www.mapquest.com/us/michigan/michigan-asphalt-paving-sealcoating-6264697"
Michigan Asphalt Contractors,michigan asphalt company,asphalt contractors michigan,"https://www.apa-mi.org/list_of_members.php
https://www.alliedasphalt.com/
https://www.michiganpaving.com/
https://alsasphalt.com/
https://www.cadillacasphalt.com/
https://truenorthasphalt.com/
https://mikeandsonasphalt.com/
https://www.simonpavingcorp.com/
https://paylesspavingmichigan.com/
https://www.ajaxpaving.com/michigan.html"
Michigan Asphalt Contractors,michigan asphalt company,asphalt companies in michigan,"https://www.apa-mi.org/list_of_members.php
https://www.alliedasphalt.com/
https://www.michiganpaving.com/
https://truenorthasphalt.com/
https://superiorasphalt.com/
https://www.cadillacasphalt.com/
https://alsasphalt.com/
https://www.centralasphalt.com/
https://www.ajaxpaving.com/michigan.html
https://www.a1asphaltinc.com/"
Ann Arbor Asphalt Services and Repair,ann arbor asphalt repair services,ann arbor asphalt repair services,"https://www.annarborasphaltandconcrete.com/
https://www.alliedasphalt.com/ann-arbor-asphalt-paving-contractors-company-in-mi-michigan.php
https://www.yelp.com/search?find_desc=Asphalt+Paving&find_loc=Ann+Arbor%2C+MI
https://tburkespaving.com/
https://www.anthonysasphalt.com/
https://www.jonesandsonsasphalt.com/newpage
https://asphaltsolutionsplus.com/ann-arbor/
https://www.bartsasphalt.com/service-areas/asphalt-sealcoating-ann-arbor-mi/
https://www.reddit.com/r/AnnArbor/comments/1j3pj7f/who_is_the_best_asphalt_company_in_the_area/
https://mckearneyasphalt.com/ann-arbor-mi-asphalt-paving-contractor/"
Ann Arbor Asphalt Services and Repair,ann arbor asphalt repair services,asphalt maintenance in ann arbor,"https://www.annarborasphaltandconcrete.com/
https://a1sealcoat.com/
https://www.anthonysasphalt.com/
https://tburkespaving.com/
https://www.alliedasphalt.com/ann-arbor-asphalt-paving-contractors-company-in-mi-michigan.php
https://www.yelp.com/search?find_desc=Asphalt+Paving&find_loc=Ann+Arbor%2C+MI
https://www.reddit.com/r/AnnArbor/comments/1j3pj7f/who_is_the_best_asphalt_company_in_the_area/
https://mckearneyasphalt.com/ann-arbor-mi-asphalt-paving-contractor/
https://www.jonesandsonsasphalt.com/
https://www.bartsasphalt.com/service-areas/asphalt-sealcoating-ann-arbor-mi/"
Ann Arbor Asphalt Services and Repair,ann arbor asphalt repair services,asphalt sealcoating services in ann arbor,"https://www.anthonysasphalt.com/
https://www.annarborasphaltandconcrete.com/
https://www.alliedasphalt.com/ann-arbor-asphalt-paving-contractors-company-in-mi-michigan.php
https://tburkespaving.com/
https://www.bartsasphalt.com/service-areas/asphalt-sealcoating-ann-arbor-mi/
https://a1sealcoat.com/
https://mckearneyasphalt.com/ann-arbor-mi-asphalt-paving-contractor/
https://everlinecoatings.com/us/mi/ann-arbor/asphalt-sealcoating/
https://www.reddit.com/r/AnnArbor/comments/1dz7k0o/driveway_contractor_recommendations/
https://www.yelp.com/search?find_desc=Asphalt+Paving&find_loc=Ann+Arbor%2C+MI"
Ann Arbor Asphalt Services and Repair,ann arbor asphalt repair services,driveway repair ann arbor,"https://www.reddit.com/r/AnnArbor/comments/1dz7k0o/driveway_contractor_recommendations/
https://tburkespaving.com/
https://www.annarborasphaltandconcrete.com/
https://www.anthonysasphalt.com/
https://www.drymich.com/service-areas/driveway-repair-ann-arbor-mi/
https://www.yelp.com/search?find_desc=Asphalt+Paving&find_loc=Ann+Arbor%2C+MI
https://www.jonesandsonsasphalt.com/newpage
https://allbrick.com/locations/ann-arbor/
https://www.alliedasphalt.com/ann-arbor-asphalt-paving-contractors-company-in-mi-michigan.php
https://mckearneyasphalt.com/ann-arbor-mi-asphalt-paving-contractor/"
Ann Arbor Asphalt Services and Repair,ann arbor asphalt repair services,best asphalt paving services in ann arbor,"https://www.annarborasphaltandconcrete.com/
https://www.yelp.com/search?find_desc=Asphalt+Paving&find_loc=Ann+Arbor%2C+MI
https://tburkespaving.com/
https://www.reddit.com/r/AnnArbor/comments/1j3pj7f/who_is_the_best_asphalt_company_in_the_area/
https://downtobid.com/contractors/paving/ann-arbor
https://www.anthonysasphalt.com/
https://www.reddit.com/r/AnnArbor/comments/1dz7k0o/driveway_contractor_recommendations/
https://www.alliedasphalt.com/ann-arbor-asphalt-paving-contractors-company-in-mi-michigan.php
https://mckearneyasphalt.com/ann-arbor-mi-asphalt-paving-contractor/
https://a1sealcoat.com/"
Ann Arbor Asphalt Services and Repair,ann arbor asphalt repair services,best asphalt contractors in ann arbor,"https://www.annarborasphaltandconcrete.com/
https://www.yelp.com/search?find_desc=Asphalt+Paving&find_loc=Ann+Arbor%2C+MI
https://www.reddit.com/r/AnnArbor/comments/1j3pj7f/who_is_the_best_asphalt_company_in_the_area/
https://tburkespaving.com/
https://www.anthonysasphalt.com/
https://www.alliedasphalt.com/ann-arbor-asphalt-paving-contractors-company-in-mi-michigan.php
https://mckearneyasphalt.com/ann-arbor-mi-asphalt-paving-contractor/
https://www.angi.com/companylist/us/mi/ann-arbor/driveways.htm
https://a1sealcoat.com/
https://www.bartsasphalt.com/service-areas/asphalt-sealcoating-ann-arbor-mi/"
Ann Arbor Asphalt Services and Repair,ann arbor asphalt repair services,ann arbor new asphalt paving services,"https://www.annarborasphaltandconcrete.com/
https://www.yelp.com/search?find_desc=Asphalt+Paving&find_loc=Ann+Arbor%2C+MI
https://www.alliedasphalt.com/ann-arbor-asphalt-paving-contractors-company-in-mi-michigan.php
https://tburkespaving.com/
https://www.anthonysasphalt.com/
https://www.jonesandsonsasphalt.com/newpage
https://www.bartsasphalt.com/service-areas/asphalt-paving-ann-arbor/
http://www.annarborasphaltandconcrete.net/
https://mckearneyasphalt.com/ann-arbor-mi-asphalt-paving-contractor/
https://www.reddit.com/r/AnnArbor/comments/1dz7k0o/driveway_contractor_recommendations/"
Ann Arbor Asphalt Services and Repair,ann arbor asphalt repair services,best asphalt repair services in ann arbor,"https://www.yelp.com/search?find_desc=Asphalt+Paving&find_loc=Ann+Arbor%2C+MI
https://www.annarborasphaltandconcrete.com/
https://www.reddit.com/r/AnnArbor/comments/1j3pj7f/who_is_the_best_asphalt_company_in_the_area/
https://www.anthonysasphalt.com/
https://www.alliedasphalt.com/ann-arbor-asphalt-paving-contractors-company-in-mi-michigan.php
https://tburkespaving.com/
https://www.reddit.com/r/AnnArbor/comments/1dz7k0o/driveway_contractor_recommendations/
https://www.angi.com/companylist/us/mi/ann-arbor/driveways.htm
https://mckearneyasphalt.com/ann-arbor-mi-asphalt-paving-contractor/
https://asphaltsolutionsplus.com/ann-arbor/"
Ann Arbor Asphalt Services and Repair,ann arbor asphalt repair services,ann arbor asphalt installation services,"https://www.annarborasphaltandconcrete.com/
https://www.alliedasphalt.com/ann-arbor-asphalt-paving-contractors-company-in-mi-michigan.php
https://tburkespaving.com/
https://www.anthonysasphalt.com/
https://www.jonesandsonsasphalt.com/newpage
https://www.yelp.com/search?find_desc=Asphalt+Paving&find_loc=Ann+Arbor%2C+MI
https://www.reddit.com/r/AnnArbor/comments/1j3pj7f/who_is_the_best_asphalt_company_in_the_area/
https://mckearneyasphalt.com/ann-arbor-mi-asphalt-paving-contractor/
https://www.bartsasphalt.com/service-areas/asphalt-paving-ann-arbor/
https://a1sealcoat.com/"
Ann Arbor Asphalt Services and Repair,ann arbor asphalt repair services,asphalt repair in ann arbor,"https://www.annarborasphaltandconcrete.com/
https://tburkespaving.com/
https://www.anthonysasphalt.com/
https://www.yelp.com/search?find_desc=Asphalt+Paving&find_loc=Ann+Arbor%2C+MI
https://www.bartsasphalt.com/service-areas/asphalt-sealcoating-ann-arbor-mi/
https://www.reddit.com/r/AnnArbor/comments/1dz7k0o/driveway_contractor_recommendations/
https://www.alliedasphalt.com/ann-arbor-asphalt-paving-contractors-company-in-mi-michigan.php
https://www.jonesandsonsasphalt.com/
https://asphaltsolutionsplus.com/ann-arbor/
https://a1sealcoat.com/"
Ann Arbor Asphalt Services and Repair,ann arbor asphalt repair services,top rated new asphalt paving services in ann arbor,"https://www.yelp.com/search?find_desc=Asphalt+Paving&find_loc=Ann+Arbor%2C+MI
https://tburkespaving.com/
https://www.homeadvisor.com/c.Paving.Ann_Arbor.MI.-12055.html
https://www.reddit.com/r/AnnArbor/comments/1dz7k0o/driveway_contractor_recommendations/
https://www.annarborasphaltandconcrete.com/
https://www.anthonysasphalt.com/
https://www.jonesandsonsasphalt.com/newpage
https://asphaltsolutionsplus.com/ann-arbor/
https://m.yelp.com/search?find_desc=Asphalt+Paving&find_loc=Kerrytown+Ann+Arbor%2C+Detroit%2C+MI"
Ann Arbor Asphalt Services and Repair,ann arbor asphalt repair services,asphalt contractors in ann arbor,"https://www.annarborasphaltandconcrete.com/
https://tburkespaving.com/
https://www.anthonysasphalt.com/
https://a1sealcoat.com/
https://www.reddit.com/r/AnnArbor/comments/1j3pj7f/who_is_the_best_asphalt_company_in_the_area/
https://www.yelp.com/search?find_desc=Asphalt+Paving&find_loc=Ann+Arbor%2C+MI
https://www.jonesandsonsasphalt.com/
https://www.bartsasphalt.com/service-areas/asphalt-sealcoating-ann-arbor-mi/
https://www.reddit.com/r/AnnArbor/comments/1dz7k0o/driveway_contractor_recommendations/
https://www.alliedasphalt.com/"
Ann Arbor Asphalt Services and Repair,ann arbor asphalt repair services,ann arbor asphalt sealcoating services,"https://www.annarborasphaltandconcrete.com/
https://www.bartsasphalt.com/service-areas/asphalt-sealcoating-ann-arbor-mi/
https://www.anthonysasphalt.com/
https://www.aandssealcoating-mi.com/
https://www.alliedasphalt.com/ann-arbor-asphalt-paving-contractors-company-in-mi-michigan.php
https://www.yelp.com/search?find_desc=Sealcoating&find_loc=Ann+Arbor%2C+MI
https://www.reddit.com/r/AnnArbor/comments/1dz7k0o/driveway_contractor_recommendations/
https://everlinecoatings.com/us/mi/ann-arbor/asphalt-sealcoating/
https://www.jonesandsonsasphalt.com/
https://tburkespaving.com/"
Ann Arbor Asphalt Services and Repair,ann arbor asphalt repair services,new asphalt paving services in ann arbor,"https://www.annarborasphaltandconcrete.com/
https://tburkespaving.com/
https://www.anthonysasphalt.com/
https://www.alliedasphalt.com/ann-arbor-asphalt-paving-contractors-company-in-mi-michigan.php
https://www.yelp.com/search?find_desc=Asphalt+Paving&find_loc=Ann+Arbor%2C+MI
https://www.jonesandsonsasphalt.com/newpage
https://alsasphalt.com/
https://www.bartsasphalt.com/service-areas/asphalt-paving-ann-arbor/
https://mckearneyasphalt.com/ann-arbor-mi-asphalt-paving-contractor/
https://www.reddit.com/r/AnnArbor/comments/1dz7k0o/driveway_contractor_recommendations/"
Ann Arbor Asphalt Services and Repair,ann arbor asphalt repair services,best asphalt maintenance services in ann arbor,"https://www.annarborasphaltandconcrete.com/
https://www.anthonysasphalt.com/
https://www.reddit.com/r/AnnArbor/comments/1dz7k0o/driveway_contractor_recommendations/
https://tburkespaving.com/
https://www.reddit.com/r/AnnArbor/comments/1j3pj7f/who_is_the_best_asphalt_company_in_the_area/
https://mckearneyasphalt.com/ann-arbor-mi-asphalt-paving-contractor/
https://www.alliedasphalt.com/ann-arbor-asphalt-paving-contractors-company-in-mi-michigan.php
https://a1sealcoat.com/
https://www.jonesandsonsasphalt.com/newpage"
Murray's Asphalt Services,murray's asphalt,murray's asphalt,"https://www.murraysasphaltmi.com/
https://murraysasphaltpaving.com/
https://murraysasphalt.com/
https://www.facebook.com/people/Murrays-Asphalt/100040612035509/
https://www.bbb.org/us/al/bessemer/profile/paving-contractors/murrays-asphalt-paving-0463-5001640
https://www.murraypaving.com/
https://www.mapquest.com/us/california/murrays-asphalt-service-403044014
https://www.yelp.com/biz/murrays-asphalt-woodland
https://www.facebook.com/100040612035509/videos/172797314930227/
https://www.instagram.com/murraysasphalt/"
Murray's Asphalt Services,murray's asphalt,murray asphalt,"https://murraysasphalt.com/
https://www.murraysasphaltmi.com/
https://www.facebook.com/people/Murrays-Asphalt/100040612035509/
https://murraysasphaltpaving.com/
https://www.murraypaving.com/
https://www.bbb.org/us/al/bessemer/profile/paving-contractors/murrays-asphalt-paving-0463-5001640
https://wbch.com/business-directory/murrays-asphalt-maintenance
https://www.bbb.org/us/mi/woodland/profile/paving-contractors/murrays-asphalt-maintenance-llc-0372-38129889
https://safer.fmcsa.dot.gov/query.asp?searchtype=ANY&query_type=queryCarrierSnapshot&query_param=USDOT&query_string=4311073
https://www.yelp.com/biz/murrays-asphalt-woodland"
"""Asphalt Services by McKearney""",mckearney asphalt,mckearney asphalt,"https://mckearneyasphalt.com/
https://www.facebook.com/McKearneyAsphalt/
https://www.angi.com/companylist/us/mi/lansing/mckearney-asphalt-and-sealing-inc-reviews-5476635.htm
https://www.yelp.com/biz/mckearney-asphalt-and-sealing-lansing-2
https://safer.fmcsa.dot.gov/query.asp?searchtype=ANY&query_type=queryCarrierSnapshot&query_param=USDOT&query_string=506375
https://www.facebook.com/McKearneyAsphalt/videos/-mckearney-asphalt-sealing-is-your-trusted-asphalt-contractor-in-lansing-mi-with/971810324728356/
https://www.instagram.com/mckearney_asphalt/"
"Asphalt Services in Kalamazoo, MI",asphalt services kalamazoo,asphalt services kalamazoo,"https://www.a1asphaltinc.com/kalamazoo-asphalt-paving-contractors-mi.php
https://www.yelp.com/search?find_desc=Asphalt+Paving&find_loc=Kalamazoo%2C+MI
https://mckearneyasphalt.com/kalamazoo-mi-asphalt-paving-contractor/
https://www.broncoasphalt.com/node/1
https://www.michiganpaving.com/locations/kalamazoo
https://fortuneasphaltkalamazoo.com/
https://aimasphalt.com/
https://superiorasphalt.com/kalamazoo-michigan-asphalt-paving/
https://www.a1asphaltinc.com/
https://www.wyomingasphalt.com/"
"Asphalt Services in Kalamazoo, MI",asphalt services kalamazoo,asphalt kalamazoo,"https://www.broncoasphalt.com/node/1
https://www.a1asphaltinc.com/kalamazoo-asphalt-paving-contractors-mi.php
https://www.asphaltcontractorkalamazoomi.com/
https://asphaltrestorationinc.com/
https://www.wyomingasphalt.com/
https://www.a1asphaltinc.com/
https://www.yelp.com/search?find_desc=Asphalt+Paving&find_loc=Kalamazoo%2C+MI
https://aimasphalt.com/
https://superiorasphalt.com/kalamazoo-michigan-asphalt-paving/
https://www.bbb.org/us/mi/kalamazoo/category/paving-contractors"
"Asphalt Services in Kalamazoo, MI",asphalt services kalamazoo,asphalt kalamazoo mi,"https://www.broncoasphalt.com/node/1
https://www.a1asphaltinc.com/kalamazoo-asphalt-paving-contractors-mi.php
https://aimasphalt.com/
https://www.asphaltcontractorkalamazoomi.com/
https://www.wyomingasphalt.com/
https://www.michiganpaving.com/locations/kalamazoo
https://www.a1asphaltinc.com/
https://www.bbb.org/us/mi/kalamazoo/category/paving-contractors
https://superiorasphalt.com/kalamazoo-michigan-asphalt-paving/
https://asphaltrestorationinc.com/"
Asphalt Sealcoating Solutions for Businesses,commercial asphalt sealcoating services,commercial asphalt sealcoating services,"https://www.jwasphalt.com/Sealcoat
https://realsealcoating.com/commercial-residential-asphalt-sealcoating-and-asphalt-paving-services-west-st-paul-mn/
https://www.sealking.com/asphalt-services/
https://www.aplussealcoating.com/services/sealcoating-twin-cities-mn
https://realsealcoating.com/commercial-residential-asphalt-sealcoating-and-asphalt-paving-services-rosemount-mn/
https://nugentsealcoatingandpaving.com/commercial-asphalt-sealcoating-and-paving-woodbury-mn/
https://commercialasphaltrepair.com/
https://ktmcompanies.net/sealcoating/
https://meritasphalt.com/
https://www.aplussealcoating.com/"
Detroit Asphalt Services and Sealcoating,asphalt services in detroit,asphalt services in detroit,"https://www.detroitasphaltllc.com/
https://www.alliedasphalt.com/detroit-asphalt-paving-contractors-company-in-mi-michigan.php
https://www.simonpavingcorp.com/
https://www.yelp.com/search?find_desc=Asphalt+Contractors&find_loc=Detroit%2C+MI
https://www.lifewidesealcoat.com/
https://alsasphalt.com/
https://www.amasphaltpaving.com/
https://mckearneyasphalt.com/detroit-mi-asphalt-paving-contractor/
https://armpavementservices.com/asphalt-services/
https://www.ajaxpaving.com/michigan/what-we-do-mi/asphalt-construction-mi.html"
Detroit Asphalt Services and Sealcoating,asphalt services in detroit,asphalt paving services in detroit,"https://www.detroitasphaltllc.com/
https://www.alliedasphalt.com/detroit-asphalt-paving-contractors-company-in-mi-michigan.php
https://alsasphalt.com/
https://www.simonpavingcorp.com/
https://www.amasphaltpaving.com/
https://www.alliedasphalt.com/
https://www.amasphaltpaving.com/about-our-asphalt-paving-company.php
https://www.rosepaving.com/locations/parking-lot-paving-detroit/
https://www.yelp.com/search?find_desc=Asphalt+Contractors&find_loc=Detroit%2C+MI
https://www.rrasphalt.com/"
Detroit Asphalt Services and Sealcoating,asphalt services in detroit,asphalt sealcoating service in detroit,"https://www.yelp.com/search?find_desc=Sealcoating&find_loc=Detroit%2C+MI
https://www.lifewidesealcoat.com/
https://www.detroitasphaltllc.com/
https://sealmaster.net/locations/detroit-2/
https://www.gogforce.com/detroit-mi/service/asphalt-sealcoating/
https://www.simonpavingcorp.com/
https://alsasphalt.com/
https://www.alliedasphalt.com/detroit-asphalt-paving-contractors-company-in-mi-michigan.php
https://www.amasphaltpaving.com/
https://www.aandssealcoating-mi.com/asphalt-paving-metro-detroit-mi-sealcoating-driveway-parking-lot-crack-repair-patching.php"
"Concrete Sealing Services in Ann Arbor, MI",concrete top sealing ann arbor michigan,concrete top sealing ann arbor michigan,"https://michiganconcretesolutions.com/ann-arbor/
https://americanconcretelevelingmi.com/ann-arbor/concrete-sealing-ann-arbor-mi/
https://michiganconcretesolutions.com/ann-arbor/concrete-joint-crack-sealing-ann-arbor-mi/
https://www.concretemiannarbor.com/
https://www.a1concrete.com/locations/michigan/ann-arbor
https://www.mygatorguard.com/service-area/ann-arbor/concrete-patio-sealing/
https://www.yelp.com/search?find_desc=Concrete+Sealing&find_loc=Ann+Arbor%2C+MI
https://www.foundationarmor.com/best-concrete-sealer-ann-arbor-mi/?srsltid=AfmBOoqcyAHyfwCRR5WdBTbItAlqzmJNBZXA8KJCz0BvaU3AipvsOibr
https://tburkespaving.com/
https://www.basementfix.com/concrete-repair/concrete-sealant.html"
"Concrete Sealing Services in Ann Arbor, MI",concrete top sealing ann arbor michigan,concrete sealing ann arbor michigan,"https://americanconcretelevelingmi.com/ann-arbor/concrete-sealing-ann-arbor-mi/
https://www.a1concrete.com/locations/michigan/ann-arbor
https://michiganconcretesolutions.com/ann-arbor/
https://www.concretemiannarbor.com/
https://michiganconcretesolutions.com/services/concrete-sealing/
https://www.yelp.com/search?find_desc=Concrete+Sealing&find_loc=Ann+Arbor%2C+MI
https://americanconcretelevelingmi.com/
https://www.basementfix.com/concrete-repair/concrete-sealant.html
https://www.mygatorguard.com/service-area/ann-arbor/concrete-patio-sealing/
https://www.aandssealcoating-mi.com/concrete-repair-company-ann-arbor-mi-contractor-resurfacing-parking-lot.php"
"Concrete Sealing Services in Ann Arbor, MI",concrete top sealing ann arbor michigan,concrete sealing ann arbor mi,"https://www.a1concrete.com/locations/michigan/ann-arbor
https://michiganconcretesolutions.com/ann-arbor/
https://americanconcretelevelingmi.com/ann-arbor/concrete-sealing-ann-arbor-mi/
https://www.concretemiannarbor.com/
https://michiganconcretesolutions.com/services/concrete-sealing/
https://americanconcretelevelingmi.com/
https://www.yelp.com/search?find_desc=Concrete+Sealing&find_loc=Ann+Arbor%2C+MI
https://www.basementfix.com/concrete-repair/concrete-sealant.html
https://www.reddit.com/r/AnnArbor/comments/1dz7k0o/driveway_contractor_recommendations/
https://www.mygatorguard.com/service-area/ann-arbor/concrete-patio-sealing/"
"Concrete Sealing Services in Ann Arbor, MI",concrete top sealing ann arbor michigan,concrete sealing ann arbor,"https://americanconcretelevelingmi.com/ann-arbor/concrete-sealing-ann-arbor-mi/
https://www.a1concrete.com/locations/michigan/ann-arbor
https://michiganconcretesolutions.com/ann-arbor/
https://www.concretemiannarbor.com/
https://www.yelp.com/search?find_desc=Concrete+Sealing&find_loc=Ann+Arbor%2C+MI
https://michiganconcretesolutions.com/ann-arbor/concrete-joint-crack-sealing-ann-arbor-mi/
https://americanconcretelevelingmi.com/
https://www.basementfix.com/concrete-repair/concrete-sealant.html
https://sheridanprowash.com/concrete-sealing.php
https://www.mygatorguard.com/service-area/ann-arbor/concrete-patio-sealing/"
"Concrete Sealing Services in Ann Arbor, MI",concrete top sealing ann arbor michigan,concrete top sealing ann arbor mi,"https://michiganconcretesolutions.com/ann-arbor/
https://americanconcretelevelingmi.com/ann-arbor/concrete-sealing-ann-arbor-mi/
https://www.mygatorguard.com/service-area/ann-arbor/concrete-patio-sealing/
https://michiganconcretesolutions.com/ann-arbor/concrete-joint-crack-sealing-ann-arbor-mi/
https://www.a1concrete.com/locations/michigan/ann-arbor
https://www.concretemiannarbor.com/
https://www.foundationarmor.com/best-concrete-sealer-ann-arbor-mi/?srsltid=AfmBOorCmQImwV9hf9hTykVBmsP9MunvPJRztovVFX8HfcJxaZmEQP8h
https://www.reddit.com/r/AnnArbor/comments/1dz7k0o/driveway_contractor_recommendations/
https://tburkespaving.com/
https://www.yelp.com/search?find_desc=Concrete+Contractor&find_loc=Ann+Arbor%2C+MI"
"""Travel Route from Chelsea to Lansing""",chelsea mi to lansing,chelsea mi to lansing,"https://www.rome2rio.com/s/Chelsea-MI-USA/East-Lansing
https://www.travelmath.com/drive-distance/from/LAN/to/Chelsea,+MI
https://www.rome2rio.com/s/East-Lansing/Chelsea-MI-USA
https://www.trippy.com/distance/Chelsea-MI-to-Lansing-MI
https://www.distance-cities.com/distance-chelsea-mi-to-lansing-mi
https://www.feldmanchevyoflansing.com/chevy-dealer-chelsea-mi.html
https://www.trippy.com/distance/Lansing-MI-to-Chelsea-MI
https://www.chelseamotorsonline.com/directions/lansing-mi
https://chelseamich.com/about/
https://distances.io/distance/east-lansing-mi/chelsea-mi"
"""Expert Asphalt & Sealcoating Services""",sealcoating contractors,sealcoating contractors,"https://sealmaster.net/sealcoating-contractor/
https://www.angi.com/nearme/driveway-sealcoating/
https://sealmaster.net/
https://www.youngsealcoating.com/
https://michigansealcoating.com/
https://blog.asphaltkingdom.com/where-to-find-the-best-asphalt-sealcoating-contractors
https://pavingandsealcoating.com/services/
https://www.wnysealers.com/
https://aaasonline.com/
https://www.actionsealcoatingar.com/"
"""Expert Asphalt & Sealcoating Services""",sealcoating contractors,asphalt sealcoating contractors,"https://www.angi.com/nearme/driveway-sealcoating/
https://sealmaster.net/sealcoating-contractor/
https://www.actionsealcoatingar.com/
https://sealmaster.net/
https://michigansealcoating.com/
https://www.kbasphaltsealcoating.com/
https://www.nvnpaving.com/asphalt-sealcoating-services-nj/
https://blog.asphaltkingdom.com/where-to-find-the-best-asphalt-sealcoating-contractors
https://jet-black.com/
https://jimreynoldsasphalt.com/"
"""Expert Asphalt & Sealcoating Services""",sealcoating contractors,asphalt and sealcoating contractor,"https://www.angi.com/nearme/driveway-sealcoating/
https://sealmaster.net/sealcoating-contractor/
https://www.actionsealcoatingar.com/
https://sealmaster.net/
https://www.asphaltsealcoatingdirect.com/directory/wisconsin?srsltid=AfmBOoqFm1hAm6wmni89vir1qvLtGPxcssxfJZVku7eU3wLhDABKcJxv
https://sealcoatandasphalt.com/
https://michigansealcoating.com/
https://www.reddit.com/r/HomeImprovement/comments/8ghqwm/is_seal_coating_asphalt_actually_effective/
https://www.psipaving.net/louisville-asphalt-sealcoating/
https://acpavingcompany.com/"
Lansing MI Asphalt Services,asphalt lansing mi,asphalt lansing mi,"http://www.american-asphalt.com/
https://capitalasphaltllc.com/
https://mikeandsonasphalt.com/
https://mckearneyasphalt.com/
https://tomcoasphalt.com/
https://hayhoeasphalt.com/
https://www.yelp.com/search?find_desc=Asphalt+Paving+Contractors&find_loc=Lansing%2C+MI
https://quality-asphalt.com/
https://www.michiganpaving.com/locations/lansing
https://www.bartsasphalt.com/"
Lansing MI Asphalt Services,asphalt lansing mi,asphalt companies lansing mi,"https://mckearneyasphalt.com/
http://www.american-asphalt.com/
https://mikeandsonasphalt.com/
https://capitalasphaltllc.com/
https://tomcoasphalt.com/
https://www.yelp.com/search?find_desc=Asphalt+Paving+Contractors&find_loc=Lansing%2C+MI
https://hayhoeasphalt.com/
https://www.michiganpaving.com/locations/lansing
https://www.bartsasphalt.com/service-areas/lansing-mi-asphalt-paving/
https://quality-asphalt.com/"
Lansing MI Asphalt Services,asphalt lansing mi,lansing asphalt,"http://www.american-asphalt.com/
https://mckearneyasphalt.com/
https://capitalasphaltllc.com/
https://mikeandsonasphalt.com/
https://www.bartsasphalt.com/service-areas/lansing-mi-asphalt-paving/
https://tomcoasphalt.com/
https://www.michiganpaving.com/locations/lansing
https://www.alliedasphalt.com/lansing-asphalt-paving-contractors-company-in-mi-michigan.php
https://www.mapquest.com/us/michigan/lansing-asphalt-283924196"
"""Birmingham MI Driveway Sealcoating Services""",birmingham sealcoating michigan,birmingham sealcoating michigan,"https://www.bsipaving.com/
https://www.bsipaving.com/about-us
https://www.bbb.org/us/mi/oxford/profile/asphalt/birmingham-sealcoat-inc-0332-28003982
https://www.mapquest.com/us/michigan/birmingham-sealcoat-inc-364195182
https://www.facebook.com/BirminghamSealcoatincSupplies/
https://x.com/birminghamseal
https://www.mapquest.com/us/michigan/birmingham-sealcoat-447088801
https://www.facebook.com/bsipaving/
https://m.yelp.com/search?find_desc=Sealcoating&find_loc=Birmingham%2C+MI
https://www.alliedasphalt.com/birmingham-asphalt-paving-contractors-company-in-mi-michigan.php"
"""Local Parking Lot Crack Sealing Services""",parking lot crack sealing contractor near me,parking lot crack sealing contractor near me,"https://sealmaster.net/locations/dallas/
https://sealmaster.net/asphalt-crack-filling-sealing/
https://www.katzerconcrete.com/tri-state-pavement
https://www.asphaltkingdom.com/parking-lot-maintenance-near-me?srsltid=AfmBOoq90dYp0gtXhzW4PqVI0DMF4HY6ppbFuMVI2Yk21iXqS865ua7G
https://www.gogforce.com/kansas-city-mo/service/crack-sealing/
https://www.rosepaving.com/locations/parking-lot-paving-chicago/
https://www.reddit.com/r/asphalt/comments/16t4xct/crack_filling_and_driveway_sealing_estimates/
https://www.pavementservicescorp.com/services/parking-lot-repair/
https://blog.asphaltkingdom.com/where-to-find-the-best-asphalt-sealcoating-contractors
https://hi-tekpavingdallas.com/asphalt-crack-repair-services-dallas-tx/"
"""Top Parking Lot Striping Services in Ann Arbor""",best parking lot striping in ann arbor,best parking lot striping in ann arbor,"https://everlinecoatings.com/us/mi/ann-arbor/parking-lot-line-striping/
https://everlinecoatings.com/us/mi/ann-arbor/
https://www.actionpavementstriping.com/service-area/commercial-striping-ann-arbor-mi.html
https://www.aandssealcoating-mi.com/asphalt-parking-lot-striping-repair-ann-arbor-sealcoating-maintenance-service.php
https://www.anthonysasphalt.com/services/pavement-maintenance/parking-lot-striping/
https://www.bartsasphalt.com/service-areas/asphalt-sealcoating-ann-arbor-mi/
https://www.gogforce.com/detroit-mi/
https://www.homeadvisor.com/tloc/Ann-Arbor-MI/Parking-Lot-Striping-Commercial/
https://www.mapquest.com/us/michigan/pj-striping-company-462226430"
"""Top Parking Lot Striping Services in Ann Arbor""",best parking lot striping in ann arbor,parking lot striping services in ann arbor,"https://everlinecoatings.com/us/mi/ann-arbor/
https://www.actionpavementstriping.com/service-area/Parking-Lot-Striping-Ann-Arbor-MI.html
https://www.anthonysasphalt.com/services/pavement-maintenance/parking-lot-striping/
https://www.aandssealcoating-mi.com/asphalt-parking-lot-striping-repair-ann-arbor-sealcoating-maintenance-service.php
https://everlinecoatings.com/us/mi/ann-arbor/parking-lot-line-striping/
https://www.actionpavementstriping.com/service-area/Industrial-Striping-Ann-Arbor-MI.html
https://asphaltsolutionsplus.com/ann-arbor/
https://www.bartsasphalt.com/service-areas/asphalt-sealcoating-ann-arbor-mi/
https://www.gogforce.com/detroit-mi/
https://www.rjrservices.com/ParkingLot"
"""Top Parking Lot Striping Services in Ann Arbor""",best parking lot striping in ann arbor,top rated parking lot striping services in ann arbor,"https://everlinecoatings.com/us/mi/ann-arbor/parking-lot-line-striping/
https://www.homeadvisor.com/tloc/Ann-Arbor-MI/Parking-Lot-Striping-Commercial/
https://everlinecoatings.com/us/mi/ann-arbor/
https://asphaltsolutionsplus.com/ann-arbor/
https://www.anthonysasphalt.com/services/pavement-maintenance/parking-lot-striping/
https://www.actionpavementstriping.com/
https://www.gogforce.com/detroit-mi/
https://www.bartsasphalt.com/service-areas/asphalt-sealcoating-ann-arbor-mi/
https://m.yelp.com/search?find_desc=parking+lot+striping&find_loc=Detroit%2C+MI"
"""Top Parking Lot Striping Services in Ann Arbor""",best parking lot striping in ann arbor,professional parking lot striping services in ann arbor,"https://www.actionpavementstriping.com/service-area/Parking-Lot-Striping-Ann-Arbor-MI.html
https://everlinecoatings.com/us/mi/ann-arbor/parking-lot-line-striping/
https://everlinecoatings.com/us/mi/ann-arbor/
https://www.anthonysasphalt.com/services/pavement-maintenance/parking-lot-striping/
https://www.aandssealcoating-mi.com/asphalt-parking-lot-striping-repair-ann-arbor-sealcoating-maintenance-service.php
https://www.actionpavementstriping.com/service-area/Asphalt-Striping-Ann-Arbor-MI.html
https://www.bartsasphalt.com/service-areas/asphalt-sealcoating-ann-arbor-mi/
https://www.gogforce.com/detroit-mi/
https://www.alliedasphalt.com/ann-arbor-asphalt-paving-contractors-company-in-mi-michigan.php
https://www.anthonysasphalt.com/"
"""Top Parking Lot Striping Services in Ann Arbor""",best parking lot striping in ann arbor,parking lot striping in ann arbor,"https://www.actionpavementstriping.com/service-area/Parking-Lot-Striping-Ann-Arbor-MI.html
https://everlinecoatings.com/us/mi/ann-arbor/
https://www.anthonysasphalt.com/services/pavement-maintenance/parking-lot-striping/
https://www.actionpavementstriping.com/service-area/seal-coating-ann-arbor-mi.html
https://www.aandssealcoating-mi.com/asphalt-parking-lot-striping-repair-ann-arbor-sealcoating-maintenance-service.php
https://www.bartsasphalt.com/service-areas/asphalt-sealcoating-ann-arbor-mi/
https://everlinecoatings.com/us/mi/ann-arbor/parking-lot-line-striping/
https://asphaltsolutionsplus.com/ann-arbor/
https://www.gogforce.com/detroit-mi/
https://www.rjrservices.com/ParkingLot"
"""Top Parking Lot Striping Services in Ann Arbor""",best parking lot striping in ann arbor,expert parking lot striping in ann arbor,"https://www.actionpavementstriping.com/service-area/Parking-Lot-Striping-Ann-Arbor-MI.html
https://everlinecoatings.com/us/mi/ann-arbor/parking-lot-line-striping/
https://www.aandssealcoating-mi.com/asphalt-parking-lot-striping-repair-ann-arbor-sealcoating-maintenance-service.php
https://www.anthonysasphalt.com/services/pavement-maintenance/parking-lot-striping/
https://everlinecoatings.com/us/mi/ann-arbor/
https://www.actionpavementstriping.com/
https://www.homeadvisor.com/tloc/Ann-Arbor-MI/Parking-Lot-Striping-Commercial/
https://asphaltsolutionsplus.com/ann-arbor/
https://www.gogforce.com/detroit-mi/
https://striveparkinglotstriping.com/parking-lot-striping/mi/ann-arbor/parking-lot-striping"
"""Local Sealcoating Services""",sealcoat company near me,sealcoat company near me,"https://www.yelp.com/search?find_desc=Driveway+Sealcoating&find_loc=Naperville%2C+IL
https://www.angi.com/nearme/driveway-sealcoating/
https://www.aplussealcoating.com/
http://www.aandrsealcoating.com/
https://www.thumbtack.com/k/sealcoating/near-me
https://www.ericksonasphalt.com/driveway-sealcoating/
https://www.louisvillesealcoat.com/
https://sealmaster.net/
http://www.mwsealcoat.com/
https://www.sealcoatingbykingdom.com/"
Asphalt Sealing Services,asphalt sealing contractors,asphalt sealing contractors,"https://www.yelp.com/search?find_desc=Asphalt+Sealing&find_loc=Vancouver%2C+WA
https://michigansealcoating.com/
https://sealmaster.net/sealcoating-contractor/
https://www.a1asphaltinc.com/asphalt-sealcoating.php
https://mckearneyasphalt.com/
https://www.kbasphaltsealcoating.com/
https://www.tmasphaltsealing.com/
https://www.reddit.com/r/asphalt/comments/1e3kkfa/did_i_ruin_my_driveway_by_hiring_asphalt_sealing/
https://www.angi.com/nearme/driveway-sealcoating/
https://sealmaster.net/"
"""Discover Manchester, MI: A Hidden Gem""",city of manchester mi,city of manchester mi,"https://city-manchester.org/
https://en.wikipedia.org/wiki/Manchester,_Michigan
https://www.annarbor.org/surrounding-destinations/manchester/
https://www.michigan.org/city/manchester
https://www.indeed.com/l-manchester,-mi-jobs.html
https://www.linkedin.com/jobs/city-of-in-jobs-manchester-mi
https://www.mapquest.com/us/michigan/village-of-manchester-417297703"
Local Commercial Asphalt Sealcoating Services,asphalt sealcoating company near me,asphalt sealcoating company near me,"https://www.angi.com/nearme/driveway-sealcoating/
https://jet-black.com/
https://www.sealking.com/
https://www.aplussealcoating.com/
https://www.ericksonasphalt.com/driveway-sealcoating/
https://www.yelp.com/search?find_desc=Driveway+Sealcoating&find_loc=Minneapolis%2C+MN
https://parisipaving.com/
https://www.youngsealcoating.com/
https://www.americoat.com/
https://www.bbb.org/us/oh/columbus/category/seal-coating"
Local Commercial Asphalt Sealcoating Services,asphalt sealcoating company near me,asphalt sealcoating companies near me,"https://www.angi.com/nearme/driveway-sealcoating/
https://www.thumbtack.com/k/asphalt-sealers/near-me
https://www.yelp.com/search?find_desc=Driveway+Sealcoating&find_loc=Minneapolis%2C+MN
https://www.sealking.com/
https://www.ericksonasphalt.com/driveway-sealcoating/
https://www.angi.com/nearme/asphalt-sealcoating/
https://www.americoat.com/
https://sealmaster.net/
https://www.bbb.org/us/oh/columbus/category/seal-coating
https://manelsealers.com/"
Local Commercial Asphalt Sealcoating Services,asphalt sealcoating company near me,commercial sealcoating near me,"https://www.aplussealcoating.com/
https://www.angi.com/nearme/driveway-sealcoating/
https://www.yelp.com/search?find_desc=Driveway+Sealcoating&find_loc=Minneapolis%2C+MN
https://www.sealking.com/
https://nugentsealcoatingandpaving.com/
https://www.jwasphalt.com/Sealcoat
https://www.thumbtack.com/k/sealcoating/near-me
https://www.ericksonasphalt.com/driveway-sealcoating/
https://blackpearlsealcoating.com/
https://pagnissealcoating.net/"
Local Commercial Asphalt Sealcoating Services,asphalt sealcoating company near me,commercial sealcoating companies near me,"https://www.aplussealcoating.com/
https://www.yelp.com/search?find_desc=Driveway+Sealcoating&find_loc=Minneapolis%2C+MN
https://kmasphalt.com/
https://www.angi.com/nearme/driveway-sealcoating/
https://nugentsealcoatingandpaving.com/
https://www.jwasphalt.com/Sealcoat
https://areaasphalt.com/Wisconsin/Dodge-County/seal-coating-asphalt-driveways-Beaver-Dam-wi.html
https://www.sealking.com/
https://www.ericksonasphalt.com/driveway-sealcoating/
https://www.msealcoatingiowa.com/"
"""Bart Eaton Dining Guide""",bart eaton,bart eaton,"https://www.tridentseafoods.com/about-us/news/remembering-an-alaska-fishing-icon-bart-eaton
https://www.intrafish.com/people/former-trident-seafoods-partner-alaska-fishing-industry-pioneer-dies/2-1-1755949
https://www.facebook.com/TridentSeafoodsCorporation/posts/we-are-deeply-saddened-to-share-the-passing-of-bart-eaton-a-true-icon-in-the-ala/997000525797165/
https://www.instagram.com/p/DD7r8NIJ7-H/
https://galleystories.podbean.com/e/ep-24-captain-bart-eaton-you-gotta-make-your-own-myth-no-one-else-will/
https://www.instagram.com/p/DEU_EqBz_t6/
https://www.alaskafishermensmuseum.com/fishing-on-the-amatuli-interview-with-bart-eaton
https://www.linkedin.com/posts/trident-seafoods_we-are-deeply-saddened-to-share-the-passing-activity-7277043295522840576-3XTD
https://www.youtube.com/watch?v=gcnM9Cg-sT4"
Local Asphalt and Sealcoating Services,asphalt and sealcoating near me,asphalt and sealcoating near me,"https://www.angi.com/nearme/driveway-sealcoating/
https://www.thumbtack.com/k/asphalt-sealers/near-me
https://www.angi.com/nearme/asphalt-sealcoating/
https://crafco.com/how-to-purchase/find-sealer/
https://www.yelp.com/nearme/driveway-sealing
https://jet-black.com/
https://www.asphaltkingdom.com/supply-store.html?srsltid=AfmBOooT4b49VCr679hlYdRZ7cqMnbQGdN55VaKx3sv-YPK-IU3Tc2DX
https://www.bbb.org/near-me/paving-contractors
https://sealmaster.net/
https://www.homeadvisor.com/near-me/driveway-sealers/"
Asphalt Maintenance Solutions,asphalt sealcoating and repair,asphalt sealcoating and repair,"https://blog.asphaltkingdom.com/asphalt-sealcoating
https://asphaltsealingrepair.com/
https://www.angi.com/nearme/driveway-sealcoating/
https://www.reddit.com/r/HomeImprovement/comments/8ghqwm/is_seal_coating_asphalt_actually_effective/
https://rockasphalt.com/asphalt-sealcoating-vs-asphalt-repairing/
https://www.hgtv.com/how-to/home-improvement/how-to-repair-and-reseal-a-driveway
https://asphaltsealandrepair.com/
https://sealmaster.net/resources/pavement-maintenance-101/what-is-sealcoating/
https://jet-black.com/
https://stripealot.org/sealcoating-vs-resurfacing-vs-repaving-which-is-right-for-you/"
"""Local Arborist Services""",arbor contractor near me,arbor contractor near me,"https://www.thumbtack.com/k/custom-arbor-pergola-or-trellis/near-me
https://www.bark.com/en/us/arbor-pergola-trellis-installation/
https://m.yelp.com/search?find_desc=Arbor+and+trellis+construction&find_loc=Fremont%2C+CA
https://www.andjfencing.com/other-services/pergola-and-arbor/
https://www.angi.com/nearme/pergola-contractors/
https://www.yelp.com/search?cflt=contractors&find_loc=Ann+Arbor%2C+MI
https://www.yourarborhome.com/
https://www.kglandscape.com/pergola-construction
https://www.bbb.org/us/mi/ann-arbor/category/general-contractor
https://www.arbormhs.com/"
"""Expert Sealcoating Services""",sealcoating contractor,sealcoating contractor,"https://sealmaster.net/sealcoating-contractor/
https://sealmaster.net/
https://www.ericksonasphalt.com/driveway-sealcoating/
https://blog.asphaltkingdom.com/where-to-find-the-best-asphalt-sealcoating-contractors
https://qualityasphalt.com/asphalt-sealcoating
https://michigansealcoating.com/
https://www.maulasphalt.com/tips-when-hiring-a-sealcoating-contractor/
https://www.allsealsealcoatingllc.com/
https://www.youtube.com/watch?v=39ODYhB2Rtg
https://www.psipaving.net/louisville-asphalt-sealcoating/"
"""Road Construction and Paving Solutions""",eaton asphalt,eaton asphalt,"https://eatonasphalt.com/
https://www.facebook.com/eatonasphalt/
https://www.linkedin.com/company/eaton-asphalt-paving-co
https://www.fox19.com/2021/07/13/attorney-boone-county-jury-issued-74-million-verdict-against-eaton-asphalt-womans-death/
https://www.instagram.com/eatonasphalt/
https://www.mapquest.com/us/kentucky/eaton-asphalt-paving-co-356393189
https://www.bbb.org/us/wi/milwaukee/profile/paving-contractors/eatons-asphalt-service-inc-0694-5000166"
Michigan Asphalt Services,action asphalt michigan,action asphalt michigan,"https://actionasphaltllc.com/
https://www.yelp.com/biz/action-asphalt-brighton-2
https://business.brightoncoc.org/list/member/action-asphalt-llc-5852
https://www.bbb.org/us/mi/brighton/profile/asphalt/action-asphalt-llc-0332-32000819
https://www.angi.com/companylist/us/mi/brighton/action-asphalt-llc-reviews-259871.htm
https://www.facebook.com/actionasphaltLLC/
https://nextdoor.com/pages/action-asphalt-concrete-whitmore-lake-mi/"
"""Top Asphalt Sealcoating Experts in Ann Arbor""",best asphalt sealcoating services in ann arbor,best asphalt sealcoating services in ann arbor,"https://www.bartsasphalt.com/service-areas/asphalt-sealcoating-ann-arbor-mi/
https://www.yelp.com/search?find_desc=Asphalt+Paving&find_loc=Ann+Arbor%2C+MI
https://www.angi.com/companylist/us/mi/ann-arbor/driveways.htm
https://www.anthonysasphalt.com/
https://www.bbb.org/us/mi/ann-arbor/category/seal-coating
https://www.reddit.com/r/AnnArbor/comments/1dz7k0o/driveway_contractor_recommendations/
https://www.aandssealcoating-mi.com/
https://mckearneyasphalt.com/ann-arbor-mi-asphalt-paving-contractor/
https://m.yelp.com/search?find_desc=asphalt+sealing&find_loc=Ann+Arbor%2C+MI
https://everlinecoatings.com/us/mi/ann-arbor/asphalt-sealcoating/"
"""Professional Asphalt Line Striping Services""",asphalt line striping,asphalt line striping,"https://info.asphaltkingdom.com/parking-lot-lines-striping
https://parkenterpriseconstruction.com/2020/07/06/pavement-striping-and-painting-101-what-you-need-to-know/
https://www.asphaltkingdom.com/line-striping-package.html?srsltid=AfmBOooAvFwHw_P_SziC9jftdwC7rCrs7vygcoAV6TsIU7szTMm5apb6
https://www.newstripe.com/product-category/pavement-floor-striping/?srsltid=AfmBOorGi3OQM7AvwELc0bNlWAqWuxc3xXJUz-uXZ7VRnPv--im88MvV
https://pavingandsealcoating.com/line-striping-101/
https://www.stencilease.com/collections/line-striping-and-parking-lot-painting-stencils-pro-collection?srsltid=AfmBOopjLqUReGpaIB8-LCCszduh412ADPeyBSAwRg57JZZceuPT5Us7
https://asphaltechpavement.com/blog/3-types-of-line-striping/
https://www.pavementsolutions.org/5-parking-lot-line-striping-mistakes-to-avoid/
https://www.asphaltsealcoatingdirect.com/catalog/line-striping-pavement-paints?srsltid=AfmBOorXlvphOp6hOEkACOckLzsrNf0Q4wVPwxfNRtbudxlvL1RGEK9O
https://www.youtube.com/watch?v=QqH6aXNSPtw&pp=0gcJCdgAo7VqN5tD"
"""Brooklyn Paving Solutions""",paving brooklyn,paving brooklyn,"https://www.yelp.com/search?find_desc=Paving+Contractors&find_loc=Brooklyn%2C+NY
https://www.dppavingny.com/
https://www.gracipavingassociates.com/Paving-Contractor-Brooklyn-NY.html
https://brooklynpavingllc.com/
http://candmpaving.com/
https://www.greyruso.com/asphalt-paving-contractors-brooklyn-ny
https://www.mandbconcrete.net/brick-n-block-work
https://www.procore.com/network/p/nico-asphalt-paving-inc-brooklyn
https://www.southshorepaving.com/
https://www.nyc.gov/html/dot/html/motorist/resurfintro.shtml"
"""Brian's Expert Sealcoating Services""",brian sealcoating,brian sealcoating,"https://brianssuperiorsealcoating.com/
https://bryansealcoating.com/
https://www.facebook.com/BriansSealcoating/
https://www.yelp.com/biz/brian-and-eric-boemper-sealcoating-port-jefferson-station
https://www.mapquest.com/us/michigan/brians-sealcoating-striping-6584420
https://www.facebook.com/bryansealcoating/
https://www.facebook.com/WhitneyAmannNews/videos/i-think-i-could-use-a-little-more-practice-but-brians-superior-sealcoating-says-/177071511138352/"
"""Spring Arbor Coatings Services in Michigan""",spring arbor coatings spring arbor mi,spring arbor coatings spring arbor mi,"https://springarbor-coatings.com/
https://www.facebook.com/springarborcoatings/
https://www.mapquest.com/us/michigan/spring-arbor-coating-22795543
https://www.yelp.com/biz/spring-arbor-coating-spring-arbor
https://www.bloomberg.com/profile/company/0398305D:US
https://www.indeed.com/cmp/Spring-Arbor-Coatings
https://www.waze.com/live-map/directions/us/mi/fowlerville/spring-arbor-coatings-fowlerville?to=place.ChIJJcxp98A8I4gRHSVVXpUCa0k"
Asphalt Maintenance Solutions for Commercial Properties,commercial asphalt maintenance company,commercial asphalt maintenance company,"https://commercialasphaltgroup.com/
https://www.asphaltmaintenanceservice.net/
https://www.asphaltmaintenanceincorporated.com/
https://professionalasphalt.com/
https://superiorasphalt.com/west-michigan-full-service-asphalt-paving-contractor-asphalt-repair-maintenance/full-service-commercial-paving-company/
https://www.commercialasphaltguy.com/
https://www.libspaving.com/services/asphalt-maintenance/
https://www.apmpaving.com/
https://www.amasphaltpaving.com/birmingham-asphalt-paving-contractors-company-mi-michigan/
https://www.spencerquarriesinc.com/commercial-asphalt"
Local Parking Lot Sealcoating Services,parking lot sealcoating services near me,parking lot sealcoating services near me,"https://www.angi.com/nearme/driveway-sealcoating/
https://michigansealcoating.com/
https://www.a1asphaltinc.com/asphalt-sealcoating.php
https://jet-black.com/
https://mckearneyasphalt.com/
https://www.aplussealcoating.com/
https://www.grandtraversesealcoating.com/
https://www.gogforce.com/service/asphalt-sealcoating/
https://www.amasphaltpaving.com/
https://www.badgerlandsealing.com/"
"""Today's Weather in Brooklyn, Michigan""",brooklyn michigan weather today,brooklyn michigan weather today,"https://www.accuweather.com/en/us/brooklyn/49230/weather-forecast/2210681
https://weather.com/weather/tenday/l/Brooklyn+MI+USMI0113:1:US
https://weather.com/weather/tenday/l/835018142a1a1d44c4bda6d969b57a7788719da51a3b8cc74a6b293eab9754bd
https://www.wunderground.com/weather/us/mi/brooklyn
https://forecast.weather.gov/zipcity.php?inputstring=Brooklyn,MI
https://www.theweathernetwork.com/en/city/us/michigan/brooklyn/current
https://weather.com/weather/tenday/l/378da1a6137a1c88f67f0ac97dbb361092ea5e64e8bf61ccd3a31ca860b6dde0
https://www.accuweather.com/en/us/brooklyn/49230/hourly-weather-forecast/2210681
https://www.wunderground.com/hourly/us/mi/brooklyn/date/2017-09-12
https://www.foxweather.com/local-weather/michigan/brooklyn"
"""Commercial Asphalt Paving Solutions""",commercial blacktop,commercial blacktop,"https://www.homedepot.com/p/Quikrete-50-lb-Commercial-Grade-Blacktop-Repair-Patch-170152/100545936
https://bestblacktop.com/
https://blackjackcoatings.com/products/black-jack-cas-73-commercial-asphalt-sealer
https://www.advancedsurfacing.info/commercial-asphalt-paving/
https://gardenstatepaving.com/is-there-any-difference-between-commercial-residential-asphalt-paving/
https://gopaveutah.com/understanding-the-layers-of-commercial-asphalt-more-than-just-a-blacktop/
https://www.quikrete.com/productlines/blacktoprepaircommercial.asp
https://emeier.com/commercial-asphalt-101/
https://www.sennblacktop.com/"
"""Local Asphalt Contractor Services""",asphalt contractors nearby,asphalt contractors nearby,"https://www.angi.com/nearme/asphalt-companies/
https://www.bbb.org/near-me/paving-contractors
https://www.yelp.com/search?find_desc=Asphalt+Paving&find_loc=Los+Angeles%2C+CA
https://www.mathy.com/
https://homeguide.com/asphalt-companies
https://www.yelp.com/nearme/asphalt-paving
https://www.rosepaving.com/
https://lonestarpavingtx.com/
https://www.atlantapavingpros.com/
https://asphaltpavingdallastx.com/"
"""Expert Asphalt Solutions""",nichols paving,nichols paving,"https://www.affordablegnicholspaving.com/
https://bnpaving.com/
https://www.yelp.com/biz/nichols-asphalt-paving-and-seal-coating-germantown
https://www.facebook.com/affordablegnicholspaving/
https://www.bbb.org/us/nj/brick/profile/paving-contractors/affordable-g-nichols-paving-contractor-inc-0221-26000194
https://asphaltsealcoatingandstriping.com/
https://bnpaving.com/about-us/
https://gnicholspaving.com/
https://www.yelp.com/biz/bob-nichols-paving-ijamsville-3"
"""Bart's Asphalt Services""",barts asphalt,barts asphalt,"https://www.bartsasphalt.com/
https://www.facebook.com/BartsAsphalt/
https://www.facebook.com/BartsAsphalt/mentions/
https://www.bankmichigan.bank/Resources/Blog/bank-michigan-customer-success-story-barts-asphalt
https://www.yelp.com/biz/barts-asphalt-jackson
https://www.mapquest.com/us/michigan/barts-asphalt-llc-532331248
https://www.facebook.com/BartsAsphalt/videos/797831357885664/"
"""Expert Paving Solutions by Bartelt""",bartelt paving,bartelt paving,"https://barteltpaving.com/
https://barteltpavingreviews.com/
https://www.bbb.org/us/wi/albany/profile/paving-contractors/bartelt-enterprises-inc-0694-12000944
https://www.yelp.com/biz/bartelt-enterprises-albany-6
http://member.maba.org/list/member/bartelt-enterprises-inc-6040
https://www.instagram.com/barteltpaving/
https://www.mapquest.com/us/wisconsin/bartelt-enterprises-355597502"
Asphalt Repair Solutions for Businesses,commercial asphalt repair,commercial asphalt repair,"https://commercialasphaltrepair.com/
https://www.homedepot.com/p/Quikrete-50-lb-Commercial-Grade-Blacktop-Repair-Patch-170152/100545936
https://www.alliedasphalt.com/asphalt-services.php
https://www.homedepot.com/b/Building-Materials-Concrete-Cement-Masonry-Asphalt-Repair/N-5yc1vZ2fkp5qz
https://www.amasphaltpaving.com/clawson-asphalt-paving-contractors-company-mi-michigan/
https://www.quikrete.com/productlines/blacktoprepaircommercial.asp
https://onestopasphalt.com/services/commercial-asphalt-repair/
https://asphaltdoctors.net/
https://www.rochestersealpro.com/asphalt-repair
https://www.interstatepm.com/commercial-asphalt-paving/"
"""Jackson Paving Services""",jackson paving,jackson paving,"https://www.jacksonspavinginc.com/
https://www.yelp.com/biz/jacksons-paving-and-equipment-rentals-santa-rosa-11
https://www.facebook.com/jacksonspaving/
https://www.jacksonspavinginc.com/contact-us/
https://www.instagram.com/jacksonspavinginc/?hl=en
https://www.procore.com/network/p/jackson-paving-company-inc-douglasville
https://www.bbb.org/us/ca/santa-rosa/profile/paving-contractors/jacksons-paving-inc-1116-540673
https://jacksonasphaltpavingcontractors.com/
https://www.angi.com/companylist/us/ca/santa-rosa/jackson%27s-paving%2C-inc-reviews-8711930.htm
https://www.facebook.com/100079209000249"
